user_registration_id,user_id,username,email_x,first_name,last_name,ip_address,social_media_handle,email_y,email
1,2,jrodriguez,jrodriguez@example.com,Jason,Rodriguez,172.18.54.245,jrodriguez,jrodriguez@example.com,
2,5,mwallace,mwallace@example.com,Michael,Wallace,172.31.71.19,mwallace,mwallace@example.com,
3,6,ehayes,ehayes@example.net,Eileen,Hayes,172.24.221.226,,ehayes@example.net,
4,7,droberson,droberson@example.com,Deborah,Roberson,172.26.209.141,droberson,droberson@example.com,
5,8,bvalenzuela,bvalenzuela@example.com,Brian,Valenzuela,192.168.185.176,,bvalenzuela@example.com,
6,10,chaynes,chaynes@example.com,Catherine,Haynes,172.21.154.6,chaynes,chaynes@example.com,
7,11,btran,btran@example.net,Beth,Tran,192.168.57.86,,btran@example.net,
8,18,jward,jward@example.org,Jennifer,Ward,172.22.243.15,,jward@example.org,
9,19,dwhite,dwhite@example.com,Daisy,White,172.23.215.121,,dwhite@example.com,
10,23,agreene,agreene@example.com,Amanda,Greene,172.27.112.177,agreene,agreene@example.com,
11,24,skelley,skelley@example.net,Susan,Kelley,10.246.109.73,,skelley@example.net,
12,25,dandrade,dandrade@example.org,David,Andrade,10.17.103.231,,dandrade@example.org,
13,26,jsmith,jsmith@example.net,James,Smith,192.168.26.194,,jsmith@example.net,
14,29,cvance,cvance@example.net,Chelsea,Vance,192.168.8.10,cvance,cvance@example.net,
15,30,mschmidt,mschmidt@example.net,Mary,Schmidt,172.30.70.134,mschmidt,mschmidt@example.net,
16,31,tmiller,tmiller@example.com,Thomas,Miller,172.17.69.142,tmiller,tmiller@example.com,
17,32,khodge,khodge@example.net,Kayla,Hodge,10.163.33.222,khodge,khodge@example.net,
18,34,lrich,lrich@example.com,Lisa,Rich,172.28.40.236,lrich,lrich@example.com,
19,37,rvega,rvega@example.com,Rachel,Vega,172.30.72.246,rvega,rvega@example.com,
20,47,jbennett,jbennett@example.net,Jared,Bennett,192.168.107.110,,jbennett@example.net,
21,49,abrown,abrown@example.net,Ann,Brown,10.215.38.206,abrown,abrown@example.net,
22,50,rmay,rmay@example.org,Robert,May,192.168.134.203,rmay,rmay@example.org,
23,51,creilly,creilly@example.net,Christian,Reilly,192.168.107.236,,creilly@example.net,
24,54,jthompson,jthompson@example.org,Janet,Thompson,10.204.219.184,,jthompson@example.org,
25,55,pallison,pallison@example.com,Patrick,Allison,10.211.117.58,pallison,pallison@example.com,
26,58,bfranklin,bfranklin@example.com,Brittney,Franklin,192.168.80.151,bfranklin,bfranklin@example.com,
27,62,cgallagher,cgallagher@example.net,Christina,Gallagher,172.27.7.129,cgallagher,cgallagher@example.net,
28,65,bbutler,bbutler@example.org,Brooke,Butler,192.168.121.60,,bbutler@example.org,
29,70,thorne,thorne@example.org,Teresa,Horne,172.24.163.185,,thorne@example.org,
30,73,bperkins,bperkins@example.com,Brent,Perkins,172.17.203.27,,bperkins@example.com,
31,78,zroberts,zroberts@example.net,Zachary,Roberts,10.142.117.61,zroberts,zroberts@example.net,
32,79,cgardner,cgardner@example.com,Christine,Gardner,192.168.52.22,,cgardner@example.com,
33,81,sadams,sadams@example.com,Sean,Adams,172.23.82.199,,sadams@example.com,
34,83,rjackson,rjackson@example.net,Ryan,Jackson,192.168.56.251,rjackson,rjackson@example.net,
35,84,awalker,awalker@example.com,Angela,Walker,192.168.191.90,,awalker@example.com,
36,85,dyoung,dyoung@example.net,Daniel,Young,172.17.183.180,dyoung,dyoung@example.net,
37,87,tgraves,tgraves@example.net,Tanya,Graves,10.218.175.16,,tgraves@example.net,
38,92,mray,mray@example.org,Michele,Ray,192.168.93.245,,mray@example.org,
39,95,kvillanueva,kvillanueva@example.net,Kevin,Villanueva,10.198.59.142,kvillanueva,kvillanueva@example.net,
40,96,npugh,npugh@example.net,Nicole,Pugh,192.168.46.70,npugh,npugh@example.net,
41,97,dyates,dyates@example.com,Dawn,Yates,172.21.209.239,dyates,dyates@example.com,
42,99,jbradley,jbradley@example.org,Julie,Bradley,192.168.141.242,,jbradley@example.org,
43,107,fwarren,fwarren@example.net,Fernando,Warren,172.29.253.248,fwarren,fwarren@example.net,
44,112,iking,iking@example.net,Isaiah,King,10.237.74.244,iking,iking@example.net,
45,114,klivingston,klivingston@example.net,Kurt,Livingston,192.168.65.95,klivingston,klivingston@example.net,
46,121,mlittle,mlittle@example.com,Mikayla,Little,172.18.239.118,mlittle,mlittle@example.com,
47,123,sgarza,sgarza@example.net,Sheri,Garza,172.21.26.34,sgarza,sgarza@example.net,
48,124,rpatrick,rpatrick@example.org,Roger,Patrick,172.16.112.104,,rpatrick@example.org,
49,125,rwright,rwright@example.net,Russell,Wright,10.177.91.59,,rwright@example.net,
50,127,gconrad,gconrad@example.com,Glenn,Conrad,192.168.6.109,,gconrad@example.com,
51,128,tchambers,tchambers@example.com,Tiffany,Chambers,10.235.247.52,,tchambers@example.com,
52,129,showard,showard@example.org,Sarah,Howard,172.25.135.154,showard,showard@example.org,
53,130,mbowman,mbowman@example.org,Martin,Bowman,192.168.149.134,mbowman,mbowman@example.org,
54,131,amorgan,amorgan@example.com,Ashley,Morgan,10.122.251.232,amorgan,amorgan@example.com,
55,133,baustin,baustin@example.org,Bailey,Austin,172.23.1.145,baustin,baustin@example.org,
56,134,sho,sho@example.com,Sandra,Ho,172.16.223.213,,sho@example.com,
57,135,bmorton,bmorton@example.org,Bryan,Morton,192.168.50.171,bmorton,bmorton@example.org,
58,138,lreyes,lreyes@example.net,Larry,Reyes,10.64.70.182,lreyes,lreyes@example.net,
59,139,vrivera,vrivera@example.com,Vincent,Rivera,172.25.229.159,,vrivera@example.com,
60,142,mmaddox,mmaddox@example.net,Mike,Maddox,192.168.59.140,,mmaddox@example.net,
61,144,mlutz,mlutz@example.com,Manuel,Lutz,172.29.143.74,,mlutz@example.com,
62,146,kbrooks,kbrooks@example.net,Kimberly,Brooks,172.24.198.167,,kbrooks@example.net,
63,148,ereese,ereese@example.net,Erika,Reese,172.16.248.3,ereese,ereese@example.net,
64,151,cschwartz,cschwartz@example.org,Carol,Schwartz,192.168.73.205,,cschwartz@example.org,
65,152,nperez,nperez@example.org,Nathan,Perez,192.168.147.21,nperez,nperez@example.org,
66,153,cesparza,cesparza@example.org,Charles,Esparza,10.29.61.28,cesparza,cesparza@example.org,
67,157,agibson,agibson@example.com,Aaron,Gibson,192.168.139.37,agibson,agibson@example.com,
68,158,khess,khess@example.com,Kristina,Hess,172.17.14.51,khess,khess@example.com,
69,160,szimmerman,szimmerman@example.org,Shawn,Zimmerman,172.26.105.132,szimmerman,szimmerman@example.org,
70,163,amccall,amccall@example.org,Austin,Mccall,192.168.10.77,amccall,amccall@example.org,
71,166,lvaldez,lvaldez@example.org,Lynn,Valdez,172.26.30.22,lvaldez,lvaldez@example.org,
72,170,cbautista,cbautista@example.net,Crystal,Bautista,192.168.249.212,,cbautista@example.net,
73,171,mgonzalez,mgonzalez@example.org,Melody,Gonzalez,172.28.97.140,mgonzalez,mgonzalez@example.org,
74,174,ksullivan,ksullivan@example.org,Kendra,Sullivan,172.29.209.66,,ksullivan@example.org,
75,177,shurst,shurst@example.net,Stephen,Hurst,172.19.119.95,,shurst@example.net,
76,178,acunningham,acunningham@example.net,Abigail,Cunningham,172.24.35.45,,acunningham@example.net,
77,180,wmcmillan,wmcmillan@example.com,William,Mcmillan,10.65.156.77,,wmcmillan@example.com,
78,183,gwiggins,gwiggins@example.org,Gabriel,Wiggins,172.22.164.40,gwiggins,gwiggins@example.org,
79,184,egould,egould@example.org,Erin,Gould,192.168.200.42,,egould@example.org,
80,185,bwells,bwells@example.org,Brandon,Wells,192.168.54.21,bwells,bwells@example.org,
81,194,reaton,reaton@example.com,Randy,Eaton,172.16.153.106,reaton,reaton@example.com,
82,199,abarrett,abarrett@example.org,Alexis,Barrett,192.168.175.158,,abarrett@example.org,
83,200,salexander,salexander@example.net,Stacey,Alexander,192.168.234.103,salexander,salexander@example.net,
84,202,llopez,llopez@example.org,Luke,Lopez,10.23.121.71,llopez,llopez@example.org,
85,204,pestes,pestes@example.com,Peter,Estes,192.168.78.243,pestes,pestes@example.com,
86,209,amclaughlin,amclaughlin@example.com,Alicia,Mclaughlin,192.168.33.9,amclaughlin,amclaughlin@example.com,
87,211,mgordon,mgordon@example.net,Monica,Gordon,192.168.43.5,,mgordon@example.net,
88,213,gbryant,gbryant@example.org,George,Bryant,192.168.30.115,,gbryant@example.org,
89,216,jhooper,jhooper@example.net,Jeffery,Hooper,172.22.72.217,jhooper,jhooper@example.net,
90,218,aschultz,aschultz@example.org,Anita,Schultz,192.168.123.54,aschultz,aschultz@example.org,
91,221,jenglish,jenglish@example.org,Jacqueline,English,10.78.228.213,jenglish,jenglish@example.org,
92,223,jbecker,jbecker@example.net,Jillian,Becker,192.168.38.20,jbecker,jbecker@example.net,
93,230,tsims,tsims@example.net,Theresa,Sims,192.168.77.236,tsims,tsims@example.net,
94,232,croy,croy@example.org,Cory,Roy,10.217.19.58,croy,croy@example.org,
95,233,gpena,gpena@example.com,Gary,Pena,172.24.245.230,,gpena@example.com,
96,235,boliver,boliver@example.net,Blake,Oliver,192.168.138.74,,boliver@example.net,
97,237,bhutchinson,bhutchinson@example.net,Brenda,Hutchinson,192.168.242.5,,bhutchinson@example.net,
98,240,amoran,amoran@example.net,Amber,Moran,10.182.247.84,,amoran@example.net,
99,241,hclark,hclark@example.org,Harold,Clark,10.137.157.151,hclark,hclark@example.org,
100,242,cstone,cstone@example.com,Cheyenne,Stone,10.121.109.88,cstone,cstone@example.com,
101,244,mbeck,mbeck@example.net,Melanie,Beck,192.168.212.123,mbeck,mbeck@example.net,
102,245,rholt,rholt@example.net,Rebecca,Holt,192.168.20.84,rholt,rholt@example.net,
103,246,lcantu,lcantu@example.net,Lorraine,Cantu,192.168.158.97,lcantu,lcantu@example.net,
104,247,staylor,staylor@example.com,Sharon,Taylor,192.168.200.99,staylor,staylor@example.com,
105,251,kfigueroa,kfigueroa@example.com,Krista,Figueroa,192.168.194.115,kfigueroa,kfigueroa@example.com,
106,255,arose,arose@example.org,Alan,Rose,172.29.215.223,arose,arose@example.org,
107,256,danderson,danderson@example.org,Donna,Anderson,10.250.203.139,danderson,danderson@example.org,
108,258,hglass,hglass@example.net,Heather,Glass,172.23.235.165,hglass,hglass@example.net,
109,259,jmaynard,jmaynard@example.net,Jordan,Maynard,172.31.84.142,jmaynard,jmaynard@example.net,
110,263,mramos,mramos@example.com,Marc,Ramos,172.19.153.245,mramos,mramos@example.com,
111,264,ehorton,ehorton@example.org,Evelyn,Horton,10.192.255.240,,ehorton@example.org,
112,267,fpollard,fpollard@example.org,Felicia,Pollard,172.19.38.243,,fpollard@example.org,
113,270,anewman,anewman@example.org,Alison,Newman,10.24.89.231,anewman,anewman@example.org,
114,271,vhall,vhall@example.net,Virginia,Hall,172.19.109.28,vhall,vhall@example.net,
115,275,tfoley,tfoley@example.org,Tammy,Foley,192.168.185.14,tfoley,tfoley@example.org,
116,277,jcarter,jcarter@example.com,Jackie,Carter,192.168.177.84,jcarter,jcarter@example.com,
117,283,rsampson,rsampson@example.org,Randall,Sampson,172.30.40.203,rsampson,rsampson@example.org,
118,284,lbaxter,lbaxter@example.net,Lori,Baxter,192.168.19.14,lbaxter,lbaxter@example.net,
119,285,ddunn,ddunn@example.com,Dean,Dunn,192.168.176.87,,ddunn@example.com,
120,287,jduncan,jduncan@example.org,Jeremiah,Duncan,192.168.194.44,,jduncan@example.org,
121,288,isellers,isellers@example.com,Isaac,Sellers,192.168.189.31,isellers,isellers@example.com,
122,291,ckemp,ckemp@example.net,Cameron,Kemp,10.7.32.63,,ckemp@example.net,
123,297,thowell,thowell@example.com,Trevor,Howell,10.163.2.215,thowell,thowell@example.com,
124,298,lsutton,lsutton@example.com,Logan,Sutton,172.23.141.129,lsutton,lsutton@example.com,
125,300,gchase,gchase@example.com,Gene,Chase,10.62.118.15,,gchase@example.com,
126,301,croth,croth@example.org,Carolyn,Roth,172.27.235.136,,croth@example.org,
127,302,sfoster,sfoster@example.net,Sheila,Foster,192.168.188.49,sfoster,sfoster@example.net,
128,303,wconley,wconley@example.net,Wayne,Conley,172.27.25.38,wconley,wconley@example.net,
129,304,dwade,dwade@example.net,Danny,Wade,192.168.109.101,dwade,dwade@example.net,
130,305,anavarro,anavarro@example.org,Andre,Navarro,10.140.20.50,,anavarro@example.org,
131,315,pvaughn,pvaughn@example.org,Pamela,Vaughn,172.16.183.195,,pvaughn@example.org,
132,316,jhancock,jhancock@example.com,Justin,Hancock,10.221.177.173,jhancock,jhancock@example.com,
133,323,kfarrell,kfarrell@example.com,Karina,Farrell,192.168.244.96,kfarrell,kfarrell@example.com,
134,325,wchurch,wchurch@example.net,Wanda,Church,192.168.109.225,wchurch,wchurch@example.net,
135,329,sstafford,sstafford@example.org,Shelley,Stafford,172.19.109.155,sstafford,sstafford@example.org,
136,338,rmccoy,rmccoy@example.org,Robin,Mccoy,10.176.41.164,rmccoy,rmccoy@example.org,
137,340,fgates,fgates@example.net,Francisco,Gates,10.63.230.69,fgates,fgates@example.net,
138,344,rpowers,rpowers@example.net,Raymond,Powers,172.20.58.102,rpowers,rpowers@example.net,
139,346,gliu,gliu@example.org,Gina,Liu,10.151.69.100,,gliu@example.org,
140,349,arangel,arangel@example.org,Amy,Rangel,10.79.230.98,,arangel@example.org,
141,352,arichard,arichard@example.net,Albert,Richard,10.119.11.18,arichard,arichard@example.net,
142,353,dguerra,dguerra@example.org,Doris,Guerra,192.168.44.219,dguerra,dguerra@example.org,
143,357,gdavidson,gdavidson@example.org,Grace,Davidson,192.168.32.70,gdavidson,gdavidson@example.org,
144,359,bbarnes,bbarnes@example.net,Brett,Barnes,10.133.247.105,bbarnes,bbarnes@example.net,
145,360,aharding,aharding@example.com,Ashlee,Harding,172.27.60.222,,aharding@example.com,
146,361,gpatterson,gpatterson@example.org,Gilbert,Patterson,192.168.106.108,,gpatterson@example.org,
147,363,mswanson,mswanson@example.org,Marco,Swanson,10.198.120.199,mswanson,mswanson@example.org,
148,365,kvilla,kvilla@example.net,Kristy,Villa,192.168.248.27,kvilla,kvilla@example.net,
149,367,mhammond,mhammond@example.net,Meredith,Hammond,10.134.105.9,mhammond,mhammond@example.net,
150,375,wwalsh,wwalsh@example.com,Wendy,Walsh,10.35.181.195,,wwalsh@example.com,
151,376,epark,epark@example.org,Eugene,Park,172.24.0.242,,epark@example.org,
152,378,ypitts,ypitts@example.com,Yolanda,Pitts,192.168.31.104,ypitts,ypitts@example.com,
153,382,xhester,xhester@example.net,Xavier,Hester,172.21.35.21,xhester,xhester@example.net,
154,385,dcordova,dcordova@example.com,Drew,Cordova,192.168.3.27,dcordova,dcordova@example.com,
155,391,mbaird,mbaird@example.net,Margaret,Baird,172.26.199.82,,mbaird@example.net,
156,395,cmorrison,cmorrison@example.net,Colin,Morrison,10.129.26.250,cmorrison,cmorrison@example.net,
157,396,vfuller,vfuller@example.net,Victor,Fuller,10.81.56.40,,vfuller@example.net,
158,401,ldeleon,ldeleon@example.com,Leah,Deleon,192.168.225.226,,ldeleon@example.com,
159,404,swillis,swillis@example.com,Sherry,Willis,192.168.73.23,swillis,swillis@example.com,
160,409,cmcmahon,cmcmahon@example.com,Colleen,Mcmahon,172.26.48.71,,cmcmahon@example.com,
161,412,dkeller,dkeller@example.com,Dillon,Keller,172.27.207.80,,dkeller@example.com,
162,416,rreed,rreed@example.org,Reginald,Reed,10.167.81.0,rreed,rreed@example.org,
163,418,ccross,ccross@example.org,Casey,Cross,10.162.149.64,ccross,ccross@example.org,
164,419,rspence,rspence@example.com,Regina,Spence,172.22.75.229,rspence,rspence@example.com,
165,421,dhatfield,dhatfield@example.org,Dennis,Hatfield,192.168.123.177,dhatfield,dhatfield@example.org,
166,423,smonroe,smonroe@example.net,Shelly,Monroe,10.161.21.126,,smonroe@example.net,
167,428,tschaefer,tschaefer@example.net,Tanner,Schaefer,172.29.39.47,,tschaefer@example.net,
168,429,jhinton,jhinton@example.org,Jeanne,Hinton,192.168.73.80,,jhinton@example.org,
169,430,tfisher,tfisher@example.org,Troy,Fisher,10.97.158.72,,tfisher@example.org,
170,432,edouglas,edouglas@example.org,Ellen,Douglas,10.191.119.231,edouglas,edouglas@example.org,
171,434,strujillo,strujillo@example.net,Stacie,Trujillo,10.86.238.154,strujillo,strujillo@example.net,
172,435,kbarton,kbarton@example.com,Katelyn,Barton,192.168.93.212,,kbarton@example.com,
173,437,dharper,dharper@example.net,Debbie,Harper,192.168.241.152,dharper,dharper@example.net,
174,438,rshields,rshields@example.net,Ronnie,Shields,10.140.222.206,rshields,rshields@example.net,
175,439,pcarr,pcarr@example.com,Peggy,Carr,192.168.136.135,,pcarr@example.com,
176,442,lmurillo,lmurillo@example.com,Lindsay,Murillo,10.2.245.27,,lmurillo@example.com,
177,444,sbonilla,sbonilla@example.org,Stefanie,Bonilla,172.26.54.118,sbonilla,sbonilla@example.org,
178,445,cmiranda,cmiranda@example.net,Caroline,Miranda,10.166.48.124,cmiranda,cmiranda@example.net,
179,446,dtodd,dtodd@example.org,Duane,Todd,10.30.199.17,dtodd,dtodd@example.org,
180,449,scurry,scurry@example.org,Shelby,Curry,10.70.68.39,,scurry@example.org,
181,455,gsingleton,gsingleton@example.org,Greg,Singleton,172.25.13.30,gsingleton,gsingleton@example.org,
182,456,janthony,janthony@example.org,Jo,Anthony,10.243.130.184,,janthony@example.org,
183,461,lgarrett,lgarrett@example.org,Lee,Garrett,10.163.53.148,,lgarrett@example.org,
184,464,nduran,nduran@example.com,Natalie,Duran,192.168.91.65,nduran,nduran@example.com,
185,466,khuff,khuff@example.net,Kara,Huff,172.30.45.125,,khuff@example.net,
186,469,jhudson,jhudson@example.com,Jon,Hudson,10.36.173.98,jhudson,jhudson@example.com,
187,472,npineda,npineda@example.org,Norma,Pineda,172.22.11.214,,npineda@example.org,
188,474,jobrien,jobrien@example.com,Jack,Obrien,172.30.209.16,jobrien,jobrien@example.com,
189,475,mglenn,mglenn@example.org,Mariah,Glenn,10.150.219.157,mglenn,mglenn@example.org,
190,477,cbush,cbush@example.com,Cathy,Bush,10.82.59.192,,cbush@example.com,
191,479,dday,dday@example.org,Dorothy,Day,10.22.13.104,,dday@example.org,
192,484,mfrey,mfrey@example.org,Malik,Frey,10.157.59.183,,mfrey@example.org,
193,485,bpoole,bpoole@example.com,Brianna,Poole,10.200.55.105,bpoole,bpoole@example.com,
194,486,rcummings,rcummings@example.com,Rachael,Cummings,172.25.241.100,rcummings,rcummings@example.com,
195,487,dbolton,dbolton@example.com,Darryl,Bolton,172.28.153.79,dbolton,dbolton@example.com,
196,492,lnewton,lnewton@example.com,Lucas,Newton,172.29.218.247,lnewton,lnewton@example.com,
197,496,tflynn,tflynn@example.net,Tim,Flynn,172.24.146.105,,tflynn@example.net,
198,498,cwu,cwu@example.com,Cole,Wu,10.101.141.192,cwu,cwu@example.com,
199,499,egaines,egaines@example.com,Edgar,Gaines,172.25.151.137,egaines,egaines@example.com,
,-1,Unregistered,,,,,,,
