user_id,ip_address,social_media_handle,email
1,192.168.192.126,lherring,""
2,172.18.54.245,jrodriguez,jrodriguez@example.com
3,172.19.187.181,mhanson,""
4,192.168.191.77,"",""
5,172.31.71.19,mwallace,mwallace@example.com
6,172.24.221.226,"",ehayes@example.net
7,172.26.209.141,droberson,droberson@example.com
8,192.168.185.176,"",bvalenzuela@example.com
9,10.201.174.215,jjohnson,""
10,172.21.154.6,chaynes,chaynes@example.com
11,192.168.57.86,"",btran@example.net
12,10.5.244.7,"",""
13,172.17.165.174,"",""
14,10.185.19.167,"",""
15,192.168.250.196,pcrane,""
16,172.21.223.250,"",""
17,172.18.218.53,ebailey,""
18,172.22.243.15,"",jward@example.org
19,172.23.215.121,"",dwhite@example.com
20,192.168.209.134,"",""
21,192.168.72.74,swilliams,""
22,172.22.127.33,"",""
23,172.27.112.177,agreene,agreene@example.com
24,10.246.109.73,"",skelley@example.net
25,10.17.103.231,"",dandrade@example.org
26,192.168.26.194,"",jsmith@example.net
27,10.10.233.182,"",""
28,192.168.166.244,"",""
29,192.168.8.10,cvance,cvance@example.net
30,172.30.70.134,mschmidt,mschmidt@example.net
31,172.17.69.142,tmiller,tmiller@example.com
32,10.163.33.222,khodge,khodge@example.net
33,10.108.1.255,kvaughan,""
34,172.28.40.236,lrich,lrich@example.com
35,172.25.177.79,pcarson,""
36,192.168.176.204,bfrench,""
37,172.30.72.246,rvega,rvega@example.com
38,172.27.133.185,"",""
39,172.19.95.51,wrobinson,""
40,172.23.5.117,dvazquez,""
41,10.130.164.103,jkim,""
42,192.168.178.215,asanders,""
43,10.165.252.162,sallen,""
44,192.168.13.32,"",""
45,10.23.159.114,cdavis,""
46,192.168.90.69,gphillips,""
47,192.168.107.110,"",jbennett@example.net
48,172.20.54.210,kmoreno,""
49,10.215.38.206,abrown,abrown@example.net
50,192.168.134.203,rmay,rmay@example.org
51,192.168.107.236,"",creilly@example.net
52,10.116.67.231,rflores,""
53,10.166.158.69,"",""
54,10.204.219.184,"",jthompson@example.org
55,10.211.117.58,pallison,pallison@example.com
56,172.25.72.145,jrichardson,""
57,172.22.51.160,"",""
58,192.168.80.151,bfranklin,bfranklin@example.com
59,192.168.197.158,"",""
60,10.164.16.253,yponce,""
61,172.25.183.120,"",""
62,172.27.7.129,cgallagher,cgallagher@example.net
63,192.168.96.183,cstewart,""
64,172.17.203.42,bsimpson,""
65,192.168.121.60,"",bbutler@example.org
66,10.162.201.45,"",""
67,10.192.14.167,"",""
68,172.24.219.230,"",""
69,172.29.38.44,"",""
70,172.24.163.185,"",thorne@example.org
71,192.168.125.252,mwilson,""
72,10.116.54.186,"",""
73,172.17.203.27,"",bperkins@example.com
74,192.168.234.12,"",""
75,192.168.185.145,"",""
76,192.168.172.157,kstevens,""
77,10.8.16.2,vjenkins,""
78,10.142.117.61,zroberts,zroberts@example.net
79,192.168.52.22,"",cgardner@example.com
80,192.168.189.132,"",""
81,172.23.82.199,"",sadams@example.com
82,172.24.32.45,sclarke,""
83,192.168.56.251,rjackson,rjackson@example.net
84,192.168.191.90,"",awalker@example.com
85,172.17.183.180,dyoung,dyoung@example.net
86,10.181.121.26,"",""
87,10.218.175.16,"",tgraves@example.net
88,10.213.31.185,pmorales,""
89,10.56.35.28,jbaker,""
90,10.248.214.145,alane,""
91,10.82.9.170,sgomez,""
92,192.168.93.245,"",mray@example.org
93,10.45.26.17,nwalters,""
94,172.25.117.76,talvarado,""
95,10.198.59.142,kvillanueva,kvillanueva@example.net
96,192.168.46.70,npugh,npugh@example.net
97,172.21.209.239,dyates,dyates@example.com
98,192.168.54.249,"",""
99,192.168.141.242,"",jbradley@example.org
100,10.254.168.106,charrison,""
101,172.31.110.210,jjohns,""
102,192.168.195.202,ahawkins,""
103,172.19.40.11,tshannon,""
104,172.20.180.22,lsalinas,""
105,10.139.0.17,kpeterson,""
106,172.17.109.159,mcooper,""
107,172.29.253.248,fwarren,fwarren@example.net
108,192.168.130.50,sdiaz,""
109,172.27.186.251,"",""
110,192.168.183.236,"",""
111,192.168.179.148,jweiss,""
112,10.237.74.244,iking,iking@example.net
113,172.26.70.5,"",""
114,192.168.65.95,klivingston,klivingston@example.net
115,10.203.30.136,jpatel,""
116,172.20.48.248,vbell,""
117,192.168.201.88,sholmes,""
118,192.168.116.9,tli,""
119,192.168.141.27,"",""
120,10.233.170.99,bparker,""
121,172.18.239.118,mlittle,mlittle@example.com
122,192.168.145.125,cbarron,""
123,172.21.26.34,sgarza,sgarza@example.net
124,172.16.112.104,"",rpatrick@example.org
125,10.177.91.59,"",rwright@example.net
126,192.168.252.216,lmcdonald,""
127,192.168.6.109,"",gconrad@example.com
128,10.235.247.52,"",tchambers@example.com
129,172.25.135.154,showard,showard@example.org
130,192.168.149.134,mbowman,mbowman@example.org
131,10.122.251.232,amorgan,amorgan@example.com
132,10.18.153.179,jmitchell,""
133,172.23.1.145,baustin,baustin@example.org
134,172.16.223.213,"",sho@example.com
135,192.168.50.171,bmorton,bmorton@example.org
136,172.29.158.82,dayala,""
137,192.168.139.129,djones,""
138,10.64.70.182,lreyes,lreyes@example.net
139,172.25.229.159,"",vrivera@example.com
140,172.25.118.100,mstokes,""
141,172.27.18.222,"",""
142,192.168.59.140,"",mmaddox@example.net
143,10.101.89.83,mrobertson,""
144,172.29.143.74,"",mlutz@example.com
145,10.40.189.196,"",""
146,172.24.198.167,"",kbrooks@example.net
147,192.168.233.250,"",""
148,172.16.248.3,ereese,ereese@example.net
149,172.29.174.238,mshelton,""
150,192.168.216.217,ageorge,""
151,192.168.73.205,"",cschwartz@example.org
152,192.168.147.21,nperez,nperez@example.org
153,10.29.61.28,cesparza,cesparza@example.org
154,172.17.235.140,"",""
155,10.194.249.248,mrowland,""
156,10.147.91.21,"",""
157,192.168.139.37,agibson,agibson@example.com
158,172.17.14.51,khess,khess@example.com
159,192.168.204.92,ecarpenter,""
160,172.26.105.132,szimmerman,szimmerman@example.org
161,10.49.170.45,"",""
162,192.168.96.114,"",""
163,192.168.10.77,amccall,amccall@example.org
164,10.129.37.11,wcole,""
165,10.169.161.229,"",""
166,172.26.30.22,lvaldez,lvaldez@example.org
167,192.168.194.52,"",""
168,172.20.3.179,dross,""
169,192.168.255.80,vbentley,""
170,192.168.249.212,"",cbautista@example.net
171,172.28.97.140,mgonzalez,mgonzalez@example.org
172,172.18.202.165,hboone,""
173,172.29.115.176,"",""
174,172.29.209.66,"",ksullivan@example.org
175,10.169.90.188,tdaniel,""
176,192.168.217.208,cfleming,""
177,172.19.119.95,"",shurst@example.net
178,172.24.35.45,"",acunningham@example.net
179,10.135.61.84,cwatts,""
180,10.65.156.77,"",wmcmillan@example.com
181,10.44.156.122,hmurphy,""
182,192.168.204.55,pwong,""
183,172.22.164.40,gwiggins,gwiggins@example.org
184,192.168.200.42,"",egould@example.org
185,192.168.54.21,bwells,bwells@example.org
186,172.28.208.76,"",""
187,172.29.116.107,ajimenez,""
188,10.10.223.110,"",""
189,10.100.44.196,"",""
190,10.230.13.197,"",""
191,172.28.108.14,ehughes,""
192,10.129.132.125,"",""
193,10.73.167.0,tkelly,""
194,172.16.153.106,reaton,reaton@example.com
195,172.20.239.216,kfields,""
196,10.81.201.169,ddorsey,""
197,10.1.43.69,"",""
198,10.57.0.76,"",""
199,192.168.175.158,"",abarrett@example.org
200,192.168.234.103,salexander,salexander@example.net
201,10.153.7.165,jsanchez,""
202,10.23.121.71,llopez,llopez@example.org
203,172.27.135.25,"",""
204,192.168.78.243,pestes,pestes@example.com
205,10.12.39.210,"",""
206,192.168.172.30,amartinez,""
207,172.25.139.0,bcollins,""
208,10.92.231.81,kgraham,""
209,192.168.33.9,amclaughlin,amclaughlin@example.com
210,10.122.38.248,dhampton,""
211,192.168.43.5,"",mgordon@example.net
212,192.168.189.207,"",""
213,192.168.30.115,"",gbryant@example.org
214,172.25.163.46,mjarvis,""
215,192.168.216.161,rquinn,""
216,172.22.72.217,jhooper,jhooper@example.net
217,10.160.3.99,"",""
218,192.168.123.54,aschultz,aschultz@example.org
219,192.168.206.156,lle,""
220,172.24.80.55,"",""
221,10.78.228.213,jenglish,jenglish@example.org
222,10.238.109.251,mcruz,""
223,192.168.38.20,jbecker,jbecker@example.net
224,10.146.7.121,"",""
225,192.168.166.220,awilliamson,""
226,10.209.51.65,"",""
227,192.168.56.80,kmadden,""
228,192.168.213.129,rwalton,""
229,172.16.33.65,sgregory,""
230,192.168.77.236,tsims,tsims@example.net
231,10.38.30.186,lgarcia,""
232,10.217.19.58,croy,croy@example.org
233,172.24.245.230,"",gpena@example.com
234,172.27.12.228,"",""
235,192.168.138.74,"",boliver@example.net
236,172.27.185.114,"",""
237,192.168.242.5,"",bhutchinson@example.net
238,172.30.221.55,jdixon,""
239,192.168.151.242,"",""
240,10.182.247.84,"",amoran@example.net
241,10.137.157.151,hclark,hclark@example.org
242,10.121.109.88,cstone,cstone@example.com
243,192.168.111.2,tcoleman,""
244,192.168.212.123,mbeck,mbeck@example.net
245,192.168.20.84,rholt,rholt@example.net
246,192.168.158.97,lcantu,lcantu@example.net
247,192.168.200.99,staylor,staylor@example.com
248,172.30.95.145,sthomas,""
249,192.168.230.59,"",""
250,192.168.54.173,asummers,""
251,192.168.194.115,kfigueroa,kfigueroa@example.com
252,172.28.194.61,eparrish,""
253,10.78.102.188,sacosta,""
254,10.154.49.253,"",""
255,172.29.215.223,arose,arose@example.org
256,10.250.203.139,danderson,danderson@example.org
257,192.168.3.85,"",""
258,172.23.235.165,hglass,hglass@example.net
259,172.31.84.142,jmaynard,jmaynard@example.net
260,192.168.140.198,"",""
261,10.131.151.31,cbooker,""
262,172.25.23.203,lbyrd,""
263,172.19.153.245,mramos,mramos@example.com
264,10.192.255.240,"",ehorton@example.org
265,10.14.217.163,kscott,""
266,10.90.125.70,dmejia,""
267,172.19.38.243,"",fpollard@example.org
268,192.168.231.185,jhoffman,""
269,10.72.106.216,tgillespie,""
270,10.24.89.231,anewman,anewman@example.org
271,172.19.109.28,vhall,vhall@example.net
272,172.28.243.235,tnichols,""
273,192.168.167.71,jrodgers,""
274,10.130.99.244,"",""
275,192.168.185.14,tfoley,tfoley@example.org
276,192.168.157.179,jrowe,""
277,192.168.177.84,jcarter,jcarter@example.com
278,172.29.105.128,"",""
279,172.18.34.87,adaniels,""
280,192.168.80.216,"",""
281,10.65.103.68,"",""
282,172.21.226.98,ccolon,""
283,172.30.40.203,rsampson,rsampson@example.org
284,192.168.19.14,lbaxter,lbaxter@example.net
285,192.168.176.87,"",ddunn@example.com
286,10.250.114.13,jballard,""
287,192.168.194.44,"",jduncan@example.org
288,192.168.189.31,isellers,isellers@example.com
289,10.127.10.84,"",""
290,10.73.193.77,"",""
291,10.7.32.63,"",ckemp@example.net
292,172.24.53.28,"",""
293,192.168.85.64,olong,""
294,172.23.62.151,"",""
295,172.16.130.4,kpratt,""
296,172.26.13.180,cnorton,""
297,10.163.2.215,thowell,thowell@example.com
298,172.23.141.129,lsutton,lsutton@example.com
299,192.168.155.156,"",""
300,10.62.118.15,"",gchase@example.com
301,172.27.235.136,"",croth@example.org
302,192.168.188.49,sfoster,sfoster@example.net
303,172.27.25.38,wconley,wconley@example.net
304,192.168.109.101,dwade,dwade@example.net
305,10.140.20.50,"",anavarro@example.org
306,10.211.248.215,bbauer,""
307,172.18.140.229,alarson,""
308,192.168.244.7,"",""
309,10.107.85.158,rhendricks,""
310,10.100.209.192,scontreras,""
311,172.23.233.164,tmerritt,""
312,172.18.152.236,"",""
313,172.28.46.183,rlucero,""
314,10.109.94.35,cbaldwin,""
315,172.16.183.195,"",pvaughn@example.org
316,10.221.177.173,jhancock,jhancock@example.com
317,10.207.206.97,hcox,""
318,192.168.18.139,bwaters,""
319,192.168.34.48,rlin,""
320,172.18.16.234,"",""
321,10.122.157.145,"",""
322,192.168.87.219,kburton,""
323,192.168.244.96,kfarrell,kfarrell@example.com
324,172.25.19.170,"",""
325,192.168.109.225,wchurch,wchurch@example.net
326,10.191.103.200,mwolfe,""
327,172.21.158.54,"",""
328,10.7.62.96,"",""
329,172.19.109.155,sstafford,sstafford@example.org
330,10.209.216.52,"",""
331,172.25.215.158,dpeters,""
332,10.55.216.132,mellis,""
333,10.127.144.196,"",""
334,172.16.134.163,nferrell,""
335,172.30.177.75,dyu,""
336,172.25.157.63,"",""
337,192.168.105.55,esandoval,""
338,10.176.41.164,rmccoy,rmccoy@example.org
339,172.20.251.223,lmaldonado,""
340,10.63.230.69,fgates,fgates@example.net
341,172.30.115.57,mschneider,""
342,10.146.33.50,"",""
343,172.30.235.76,"",""
344,172.20.58.102,rpowers,rpowers@example.net
345,192.168.230.250,jhartman,""
346,10.151.69.100,"",gliu@example.org
347,172.22.183.139,"",""
348,172.30.88.230,vpadilla,""
349,10.79.230.98,"",arangel@example.org
350,10.62.229.127,cashley,""
351,172.22.240.89,"",""
352,10.119.11.18,arichard,arichard@example.net
353,192.168.44.219,dguerra,dguerra@example.org
354,172.21.172.206,gtorres,""
355,192.168.242.252,"",""
356,192.168.115.145,"",""
357,192.168.32.70,gdavidson,gdavidson@example.org
358,10.56.5.81,dgreen,""
359,10.133.247.105,bbarnes,bbarnes@example.net
360,172.27.60.222,"",aharding@example.com
361,192.168.106.108,"",gpatterson@example.org
362,192.168.31.120,mhicks,""
363,10.198.120.199,mswanson,mswanson@example.org
364,192.168.22.139,dali,""
365,192.168.248.27,kvilla,kvilla@example.net
366,192.168.211.70,mklein,""
367,10.134.105.9,mhammond,mhammond@example.net
368,192.168.13.170,kwebb,""
369,172.28.196.25,mblevins,""
370,172.20.182.255,cdunlap,""
371,192.168.127.129,"",""
372,10.107.134.245,opotter,""
373,10.153.151.235,mbowers,""
374,172.29.226.161,"",""
375,10.35.181.195,"",wwalsh@example.com
376,172.24.0.242,"",epark@example.org
377,192.168.214.130,"",""
378,192.168.31.104,ypitts,ypitts@example.com
379,10.97.32.87,csalazar,""
380,192.168.47.196,npayne,""
381,192.168.65.30,"",""
382,172.21.35.21,xhester,xhester@example.net
383,192.168.240.189,"",""
384,172.27.190.42,"",""
385,192.168.3.27,dcordova,dcordova@example.com
386,192.168.141.120,trandolph,""
387,172.19.140.125,ljordan,""
388,172.21.46.135,kmcintyre,""
389,10.147.251.135,jblair,""
390,192.168.155.11,jkaiser,""
391,172.26.199.82,"",mbaird@example.net
392,10.96.68.127,jcardenas,""
393,172.22.122.119,"",""
394,172.31.203.150,"",""
395,10.129.26.250,cmorrison,cmorrison@example.net
396,10.81.56.40,"",vfuller@example.net
397,172.29.9.41,edyer,""
398,172.28.47.63,cparsons,""
399,192.168.90.211,charvey,""
400,172.27.164.245,vneal,""
401,192.168.225.226,"",ldeleon@example.com
402,172.17.106.206,"",""
403,192.168.74.173,"",""
404,192.168.73.23,swillis,swillis@example.com
405,10.102.82.36,hwatson,""
406,172.18.78.119,kstanley,""
407,192.168.116.219,"",""
408,192.168.200.3,"",""
409,172.26.48.71,"",cmcmahon@example.com
410,192.168.126.209,agrant,""
411,10.65.62.121,"",""
412,172.27.207.80,"",dkeller@example.com
413,192.168.125.91,cbuchanan,""
414,192.168.58.176,"",""
415,192.168.135.18,"",""
416,10.167.81.0,rreed,rreed@example.org
417,10.93.63.43,wsimmons,""
418,10.162.149.64,ccross,ccross@example.org
419,172.22.75.229,rspence,rspence@example.com
420,10.188.186.4,"",""
421,192.168.123.177,dhatfield,dhatfield@example.org
422,10.112.51.101,frussell,""
423,10.161.21.126,"",smonroe@example.net
424,172.23.204.126,ksoto,""
425,10.206.55.178,lduffy,""
426,10.142.79.170,amcguire,""
427,10.6.229.218,"",""
428,172.29.39.47,"",tschaefer@example.net
429,192.168.73.80,"",jhinton@example.org
430,10.97.158.72,"",tfisher@example.org
431,192.168.59.131,"",""
432,10.191.119.231,edouglas,edouglas@example.org
433,10.135.194.3,wsantana,""
434,10.86.238.154,strujillo,strujillo@example.net
435,192.168.93.212,"",kbarton@example.com
436,192.168.117.120,jmcdowell,""
437,192.168.241.152,dharper,dharper@example.net
438,10.140.222.206,rshields,rshields@example.net
439,192.168.136.135,"",pcarr@example.com
440,172.20.184.17,"",""
441,172.29.28.128,rhuang,""
442,10.2.245.27,"",lmurillo@example.com
443,10.82.170.89,"",""
444,172.26.54.118,sbonilla,sbonilla@example.org
445,10.166.48.124,cmiranda,cmiranda@example.net
446,10.30.199.17,dtodd,dtodd@example.org
447,10.38.7.26,btownsend,""
448,192.168.179.124,"",""
449,10.70.68.39,"",scurry@example.org
450,192.168.21.194,"",""
451,192.168.143.32,ltate,""
452,10.248.53.155,mholland,""
453,10.48.1.80,jmccormick,""
454,172.18.183.239,sstein,""
455,172.25.13.30,gsingleton,gsingleton@example.org
456,10.243.130.184,"",janthony@example.org
457,172.17.194.181,dlawrence,""
458,172.20.90.137,mwhitaker,""
459,172.17.231.128,"",""
460,172.28.148.82,"",""
461,10.163.53.148,"",lgarrett@example.org
462,172.31.132.142,"",""
463,192.168.103.204,"",""
464,192.168.91.65,nduran,nduran@example.com
465,10.23.148.48,"",""
466,172.30.45.125,"",khuff@example.net
467,10.138.63.80,"",""
468,10.155.178.90,ichristensen,""
469,10.36.173.98,jhudson,jhudson@example.com
470,172.29.75.184,lfarmer,""
471,192.168.243.122,pchristian,""
472,172.22.11.214,"",npineda@example.org
473,172.19.75.81,nhebert,""
474,172.30.209.16,jobrien,jobrien@example.com
475,10.150.219.157,mglenn,mglenn@example.org
476,10.219.21.72,aoconnor,""
477,10.82.59.192,"",cbush@example.com
478,172.27.1.233,tfriedman,""
479,10.22.13.104,"",dday@example.org
480,192.168.235.218,tdelgado,""
481,192.168.219.95,"",""
482,192.168.110.230,"",""
483,172.19.226.24,"",""
484,10.157.59.183,"",mfrey@example.org
485,10.200.55.105,bpoole,bpoole@example.com
486,172.25.241.100,rcummings,rcummings@example.com
487,172.28.153.79,dbolton,dbolton@example.com
488,172.30.115.7,dcompton,""
489,192.168.208.41,jpierce,""
490,172.18.188.218,"",""
491,172.27.236.13,cchavez,""
492,172.29.218.247,lnewton,lnewton@example.com
493,10.116.198.231,agray,""
494,10.50.187.250,"",""
495,172.17.181.60,"",""
496,172.24.146.105,"",tflynn@example.net
497,172.18.1.142,"",""
498,10.101.141.192,cwu,cwu@example.com
499,172.25.151.137,egaines,egaines@example.com
500,192.168.45.225,"",""
