user_registration_id,user_id,username,email,first_name,last_name
1,2,jrodriguez,jrodriguez@example.com,Jason,Rodriguez
2,5,mwallace,mwallace@example.com,Michael,Wallace
3,6,ehayes,ehayes@example.net,Eileen,Hayes
4,7,droberson,droberson@example.com,Deborah,Roberson
5,8,bvalenzuela,bvalenzuela@example.com,Brian,Valenzuela
6,10,chaynes,chaynes@example.com,Catherine,Haynes
7,11,btran,btran@example.net,Beth,Tran
8,18,jward,jward@example.org,Jennifer,Ward
9,19,dwhite,dwhite@example.com,Daisy,White
10,23,agreene,agreene@example.com,Amanda,Greene
11,24,skelley,skelley@example.net,Susan,Kelley
12,25,dandrade,dandrade@example.org,David,Andrade
13,26,jsmith,jsmith@example.net,James,Smith
14,29,cvance,cvance@example.net,Chelsea,Vance
15,30,mschmidt,mschmidt@example.net,Mary,Schmidt
16,31,tmiller,tmiller@example.com,Thomas,Miller
17,32,khodge,khodge@example.net,Kayla,Hodge
18,34,lrich,lrich@example.com,Lisa,Rich
19,37,rvega,rvega@example.com,Rachel,Vega
20,47,jbennett,jbennett@example.net,Jared,Bennett
21,49,abrown,abrown@example.net,Ann,Brown
22,50,rmay,rmay@example.org,Robert,May
23,51,creilly,creilly@example.net,Christian,Reilly
24,54,jthompson,jthompson@example.org,Janet,Thompson
25,55,pallison,pallison@example.com,Patrick,Allison
26,58,bfranklin,bfranklin@example.com,Brittney,Franklin
27,62,cgallagher,cgallagher@example.net,Christina,Gallagher
28,65,bbutler,bbutler@example.org,Brooke,Butler
29,70,thorne,thorne@example.org,Teresa,Horne
30,73,bperkins,bperkins@example.com,Brent,Perkins
31,78,zroberts,zroberts@example.net,Zachary,Roberts
32,79,cgardner,cgardner@example.com,Christine,Gardner
33,81,sadams,sadams@example.com,Sean,Adams
34,83,rjackson,rjackson@example.net,Ryan,Jackson
35,84,awalker,awalker@example.com,Angela,Walker
36,85,dyoung,dyoung@example.net,Daniel,Young
37,87,tgraves,tgraves@example.net,Tanya,Graves
38,92,mray,mray@example.org,Michele,Ray
39,95,kvillanueva,kvillanueva@example.net,Kevin,Villanueva
40,96,npugh,npugh@example.net,Nicole,Pugh
41,97,dyates,dyates@example.com,Dawn,Yates
42,99,jbradley,jbradley@example.org,Julie,Bradley
43,107,fwarren,fwarren@example.net,Fernando,Warren
44,112,iking,iking@example.net,Isaiah,King
45,114,klivingston,klivingston@example.net,Kurt,Livingston
46,121,mlittle,mlittle@example.com,Mikayla,Little
47,123,sgarza,sgarza@example.net,Sheri,Garza
48,124,rpatrick,rpatrick@example.org,Roger,Patrick
49,125,rwright,rwright@example.net,Russell,Wright
50,127,gconrad,gconrad@example.com,Glenn,Conrad
51,128,tchambers,tchambers@example.com,Tiffany,Chambers
52,129,showard,showard@example.org,Sarah,Howard
53,130,mbowman,mbowman@example.org,Martin,Bowman
54,131,amorgan,amorgan@example.com,Ashley,Morgan
55,133,baustin,baustin@example.org,Bailey,Austin
56,134,sho,sho@example.com,Sandra,Ho
57,135,bmorton,bmorton@example.org,Bryan,Morton
58,138,lreyes,lreyes@example.net,Larry,Reyes
59,139,vrivera,vrivera@example.com,Vincent,Rivera
60,142,mmaddox,mmaddox@example.net,Mike,Maddox
61,144,mlutz,mlutz@example.com,Manuel,Lutz
62,146,kbrooks,kbrooks@example.net,Kimberly,Brooks
63,148,ereese,ereese@example.net,Erika,Reese
64,151,cschwartz,cschwartz@example.org,Carol,Schwartz
65,152,nperez,nperez@example.org,Nathan,Perez
66,153,cesparza,cesparza@example.org,Charles,Esparza
67,157,agibson,agibson@example.com,Aaron,Gibson
68,158,khess,khess@example.com,Kristina,Hess
69,160,szimmerman,szimmerman@example.org,Shawn,Zimmerman
70,163,amccall,amccall@example.org,Austin,Mccall
71,166,lvaldez,lvaldez@example.org,Lynn,Valdez
72,170,cbautista,cbautista@example.net,Crystal,Bautista
73,171,mgonzalez,mgonzalez@example.org,Melody,Gonzalez
74,174,ksullivan,ksullivan@example.org,Kendra,Sullivan
75,177,shurst,shurst@example.net,Stephen,Hurst
76,178,acunningham,acunningham@example.net,Abigail,Cunningham
77,180,wmcmillan,wmcmillan@example.com,William,Mcmillan
78,183,gwiggins,gwiggins@example.org,Gabriel,Wiggins
79,184,egould,egould@example.org,Erin,Gould
80,185,bwells,bwells@example.org,Brandon,Wells
81,194,reaton,reaton@example.com,Randy,Eaton
82,199,abarrett,abarrett@example.org,Alexis,Barrett
83,200,salexander,salexander@example.net,Stacey,Alexander
84,202,llopez,llopez@example.org,Luke,Lopez
85,204,pestes,pestes@example.com,Peter,Estes
86,209,amclaughlin,amclaughlin@example.com,Alicia,Mclaughlin
87,211,mgordon,mgordon@example.net,Monica,Gordon
88,213,gbryant,gbryant@example.org,George,Bryant
89,216,jhooper,jhooper@example.net,Jeffery,Hooper
90,218,aschultz,aschultz@example.org,Anita,Schultz
91,221,jenglish,jenglish@example.org,Jacqueline,English
92,223,jbecker,jbecker@example.net,Jillian,Becker
93,230,tsims,tsims@example.net,Theresa,Sims
94,232,croy,croy@example.org,Cory,Roy
95,233,gpena,gpena@example.com,Gary,Pena
96,235,boliver,boliver@example.net,Blake,Oliver
97,237,bhutchinson,bhutchinson@example.net,Brenda,Hutchinson
98,240,amoran,amoran@example.net,Amber,Moran
99,241,hclark,hclark@example.org,Harold,Clark
100,242,cstone,cstone@example.com,Cheyenne,Stone
101,244,mbeck,mbeck@example.net,Melanie,Beck
102,245,rholt,rholt@example.net,Rebecca,Holt
103,246,lcantu,lcantu@example.net,Lorraine,Cantu
104,247,staylor,staylor@example.com,Sharon,Taylor
105,251,kfigueroa,kfigueroa@example.com,Krista,Figueroa
106,255,arose,arose@example.org,Alan,Rose
107,256,danderson,danderson@example.org,Donna,Anderson
108,258,hglass,hglass@example.net,Heather,Glass
109,259,jmaynard,jmaynard@example.net,Jordan,Maynard
110,263,mramos,mramos@example.com,Marc,Ramos
111,264,ehorton,ehorton@example.org,Evelyn,Horton
112,267,fpollard,fpollard@example.org,Felicia,Pollard
113,270,anewman,anewman@example.org,Alison,Newman
114,271,vhall,vhall@example.net,Virginia,Hall
115,275,tfoley,tfoley@example.org,Tammy,Foley
116,277,jcarter,jcarter@example.com,Jackie,Carter
117,283,rsampson,rsampson@example.org,Randall,Sampson
118,284,lbaxter,lbaxter@example.net,Lori,Baxter
119,285,ddunn,ddunn@example.com,Dean,Dunn
120,287,jduncan,jduncan@example.org,Jeremiah,Duncan
121,288,isellers,isellers@example.com,Isaac,Sellers
122,291,ckemp,ckemp@example.net,Cameron,Kemp
123,297,thowell,thowell@example.com,Trevor,Howell
124,298,lsutton,lsutton@example.com,Logan,Sutton
125,300,gchase,gchase@example.com,Gene,Chase
126,301,croth,croth@example.org,Carolyn,Roth
127,302,sfoster,sfoster@example.net,Sheila,Foster
128,303,wconley,wconley@example.net,Wayne,Conley
129,304,dwade,dwade@example.net,Danny,Wade
130,305,anavarro,anavarro@example.org,Andre,Navarro
131,315,pvaughn,pvaughn@example.org,Pamela,Vaughn
132,316,jhancock,jhancock@example.com,Justin,Hancock
133,323,kfarrell,kfarrell@example.com,Karina,Farrell
134,325,wchurch,wchurch@example.net,Wanda,Church
135,329,sstafford,sstafford@example.org,Shelley,Stafford
136,338,rmccoy,rmccoy@example.org,Robin,Mccoy
137,340,fgates,fgates@example.net,Francisco,Gates
138,344,rpowers,rpowers@example.net,Raymond,Powers
139,346,gliu,gliu@example.org,Gina,Liu
140,349,arangel,arangel@example.org,Amy,Rangel
141,352,arichard,arichard@example.net,Albert,Richard
142,353,dguerra,dguerra@example.org,Doris,Guerra
143,357,gdavidson,gdavidson@example.org,Grace,Davidson
144,359,bbarnes,bbarnes@example.net,Brett,Barnes
145,360,aharding,aharding@example.com,Ashlee,Harding
146,361,gpatterson,gpatterson@example.org,Gilbert,Patterson
147,363,mswanson,mswanson@example.org,Marco,Swanson
148,365,kvilla,kvilla@example.net,Kristy,Villa
149,367,mhammond,mhammond@example.net,Meredith,Hammond
150,375,wwalsh,wwalsh@example.com,Wendy,Walsh
151,376,epark,epark@example.org,Eugene,Park
152,378,ypitts,ypitts@example.com,Yolanda,Pitts
153,382,xhester,xhester@example.net,Xavier,Hester
154,385,dcordova,dcordova@example.com,Drew,Cordova
155,391,mbaird,mbaird@example.net,Margaret,Baird
156,395,cmorrison,cmorrison@example.net,Colin,Morrison
157,396,vfuller,vfuller@example.net,Victor,Fuller
158,401,ldeleon,ldeleon@example.com,Leah,Deleon
159,404,swillis,swillis@example.com,Sherry,Willis
160,409,cmcmahon,cmcmahon@example.com,Colleen,Mcmahon
161,412,dkeller,dkeller@example.com,Dillon,Keller
162,416,rreed,rreed@example.org,Reginald,Reed
163,418,ccross,ccross@example.org,Casey,Cross
164,419,rspence,rspence@example.com,Regina,Spence
165,421,dhatfield,dhatfield@example.org,Dennis,Hatfield
166,423,smonroe,smonroe@example.net,Shelly,Monroe
167,428,tschaefer,tschaefer@example.net,Tanner,Schaefer
168,429,jhinton,jhinton@example.org,Jeanne,Hinton
169,430,tfisher,tfisher@example.org,Troy,Fisher
170,432,edouglas,edouglas@example.org,Ellen,Douglas
171,434,strujillo,strujillo@example.net,Stacie,Trujillo
172,435,kbarton,kbarton@example.com,Katelyn,Barton
173,437,dharper,dharper@example.net,Debbie,Harper
174,438,rshields,rshields@example.net,Ronnie,Shields
175,439,pcarr,pcarr@example.com,Peggy,Carr
176,442,lmurillo,lmurillo@example.com,Lindsay,Murillo
177,444,sbonilla,sbonilla@example.org,Stefanie,Bonilla
178,445,cmiranda,cmiranda@example.net,Caroline,Miranda
179,446,dtodd,dtodd@example.org,Duane,Todd
180,449,scurry,scurry@example.org,Shelby,Curry
181,455,gsingleton,gsingleton@example.org,Greg,Singleton
182,456,janthony,janthony@example.org,Jo,Anthony
183,461,lgarrett,lgarrett@example.org,Lee,Garrett
184,464,nduran,nduran@example.com,Natalie,Duran
185,466,khuff,khuff@example.net,Kara,Huff
186,469,jhudson,jhudson@example.com,Jon,Hudson
187,472,npineda,npineda@example.org,Norma,Pineda
188,474,jobrien,jobrien@example.com,Jack,Obrien
189,475,mglenn,mglenn@example.org,Mariah,Glenn
190,477,cbush,cbush@example.com,Cathy,Bush
191,479,dday,dday@example.org,Dorothy,Day
192,484,mfrey,mfrey@example.org,Malik,Frey
193,485,bpoole,bpoole@example.com,Brianna,Poole
194,486,rcummings,rcummings@example.com,Rachael,Cummings
195,487,dbolton,dbolton@example.com,Darryl,Bolton
196,492,lnewton,lnewton@example.com,Lucas,Newton
197,496,tflynn,tflynn@example.net,Tim,Flynn
198,498,cwu,cwu@example.com,Cole,Wu
199,499,egaines,egaines@example.com,Edgar,Gaines
